ts_ns,exchange,feed,source_engine_ts_ns,source_system_ts_ns,price,direction,event_type,client_order_id,side,size,reference_source,reference_ts_ns,reference_price,quote_internal_us,cancel_internal_us,quote_external_us,cancel_external_us,sent_ts_ns
1761530180103257250,bybit,orderbook,1761530179153000000,1761530179915000000,0.71300000,,market,,,,,,,,,,,
1761530182315942708,bybit,orderbook,1761530182268000000,1761530182274000000,0.71300000,,market,,,,,,,,,,,
1761530182474469042,bybit,orderbook,1761530182427000000,1761530182435000000,0.71245000,,market,,,,,,,,,,,
1761530182475473750,gate,orderbook,1761530182392000000,,0.71220000,,market,,,,,,,,,,,
1761530182466224833,gate,bbo,1761530182392000000,1761530182392000000,0.71220000,,market,,,,,,,,,,,
1761530182495619750,bybit,orderbook,1761530182438000000,1761530182455000000,0.71245000,,market,,,,,,,,,,,
1761530182486122958,bybit,bbo,1761530182438000000,1761530182444000000,0.71245000,,market,,,,,,,,,,,
1761530182515377292,bybit,orderbook,1761530182456000000,1761530182475000000,0.71245000,,market,,,,,,,,,,,
1761530182553887125,gate,orderbook,1761530182471000000,,0.71220000,,market,,,,,,,,,,,
1761530182614916333,gate,orderbook,1761530182471000000,,0.71220000,,market,,,,,,,,,,,
1761530182655538083,gate,orderbook,1761530182471000000,,0.71220000,,market,,,,,,,,,,,
1761530182815326208,bybit,orderbook,1761530182754000000,1761530182775000000,0.71230000,,market,,,,,,,,,,,
1761530183296892375,bybit,orderbook,1761530183241000000,1761530183255000000,0.71230000,,market,,,,,,,,,,,
1761530183557847583,gate,bbo,1761530183484000000,1761530183484000000,0.71205000,,market,,,,,,,,,,,
1761530183574239292,bybit,orderbook,1761530183518000000,1761530183534000000,0.71220714,,market,,,,,,,,,,,
1761530183565542542,bybit,bbo,1761530183518000000,1761530183525000000,0.71220714,,market,,,,,,,,,,,
1761530183574230125,gate,orderbook,1761530183484000000,,0.71190000,,market,,,,,,,,,,,
1761530183595459167,bybit,orderbook,1761530183537000000,1761530183554000000,0.71220714,,market,,,,,,,,,,,
1761530183614454792,bybit,orderbook,1761530183563000000,1761530183574000000,0.71216875,,market,,,,,,,,,,,
1761530183622197167,gate,bbo,1761530183549000000,1761530183550000000,0.71190000,,market,,,,,,,,,,,
1761530183634490333,bybit,orderbook,1761530183580000000,1761530183594000000,0.71213889,,market,,,,,,,,,,,
1761530183636514292,gate,orderbook,1761530183484000000,,0.71190000,,market,,,,,,,,,,,
1761530184275464375,bybit,orderbook,1761530184230000000,1761530184234000000,0.71203889,,market,,,,,,,,,,,
1761530184293729875,bybit,orderbook,1761530184248000000,1761530184254000000,0.71193889,,market,,,,,,,,,,,
1761530184286326958,bybit,bbo,1761530184239000000,1761530184245000000,0.71153889,,market,,,,,,,,,,,
1761530184316147792,bybit,orderbook,1761530184257000000,1761530184274000000,0.71193889,,market,,,,,,,,,,,
1761530184306525708,bybit,bbo,1761530184257000000,1761530184265000000,0.71153889,,market,,,,,,,,,,,
1761530184335299792,bybit,orderbook,1761530184277000000,1761530184294000000,0.71193889,,market,,,,,,,,,,,
1761530184375959792,gate,orderbook,1761530184298000000,,0.71190000,,market,,,,,,,,,,,
1761530184393798208,bybit,orderbook,1761530184346000000,1761530184354000000,0.71193500,,market,,,,,,,,,,,
1761530184415880208,gate,orderbook,1761530184307000000,,0.71190000,,market,,,,,,,,,,,
1761530184495214583,bybit,orderbook,1761530184446000000,1761530184454000000,0.71193182,,market,,,,,,,,,,,
1761530184495206333,bybit,bbo,1761530184446000000,1761530184454000000,0.71153182,,market,,,,,,,,,,,
1761530184594037833,bybit,orderbook,1761530184546000000,1761530184554000000,0.71193182,,market,,,,,,,,,,,
1761530184693762542,bybit,orderbook,1761530184646000000,1761530184654000000,0.71193182,,market,,,,,,,,,,,
1761530184794180833,bybit,orderbook,1761530184746000000,1761530184754000000,0.71193182,,market,,,,,,,,,,,
1761530184796563833,bybit,bbo,1761530184753000000,1761530184754000000,0.71163182,,market,,,,,,,,,,,
1761530184815834292,bybit,orderbook,1761530184767000000,1761530184774000000,0.71193182,,market,,,,,,,,,,,
1761530184806123583,bybit,bbo,1761530184757000000,1761530184765000000,0.71163182,,market,,,,,,,,,,,
1761530184895936333,bybit,orderbook,1761530184845000000,1761530184855000000,0.71193182,,market,,,,,,,,,,,
1761530184997624083,bybit,orderbook,1761530184946000000,1761530184955000000,0.71193182,,market,,,,,,,,,,,
1761530184997605542,bybit,bbo,1761530184946000000,1761530184955000000,0.71163182,,market,,,,,,,,,,,
1761530185014614250,bybit,orderbook,1761530184958000000,1761530184974000000,0.71193182,,market,,,,,,,,,,,
1761530185094749792,bybit,orderbook,1761530185046000000,1761530185055000000,0.71193182,,market,,,,,,,,,,,
1761530185114645250,bybit,orderbook,1761530185058000000,1761530185074000000,0.71193182,,market,,,,,,,,,,,
1761530185194931542,bybit,orderbook,1761530185148000000,1761530185155000000,0.71193182,,market,,,,,,,,,,,
1761530185294538792,bybit,orderbook,1761530185245000000,1761530185254000000,0.71193182,,market,,,,,,,,,,,
1761530185294522375,bybit,bbo,1761530185245000000,1761530185254000000,0.71163182,,market,,,,,,,,,,,
1761530185315489292,bybit,orderbook,1761530185269000000,1761530185274000000,0.71193182,,market,,,,,,,,,,,
1761530185335814708,bybit,orderbook,1761530185276000000,1761530185294000000,0.71193182,,market,,,,,,,,,,,
1761530185395364917,bybit,orderbook,1761530185346000000,1761530185354000000,0.71193182,,market,,,,,,,,,,,
1761530185395356208,bybit,bbo,1761530185346000000,1761530185354000000,0.71163182,,market,,,,,,,,,,,
1761530185495676792,bybit,orderbook,1761530185445000000,1761530185455000000,0.71193182,,market,,,,,,,,,,,
1761530185495669292,bybit,bbo,1761530185445000000,1761530185455000000,0.71163182,,market,,,,,,,,,,,
1761530185594981042,bybit,orderbook,1761530185547000000,1761530185554000000,0.71193182,,market,,,,,,,,,,,
1761530185594968958,bybit,bbo,1761530185547000000,1761530185554000000,0.71163182,,market,,,,,,,,,,,
1761530185655855708,bybit,orderbook,1761530185595000000,1761530185615000000,0.71193182,,market,,,,,,,,,,,
1761530185694669958,bybit,orderbook,1761530185649000000,1761530185655000000,0.71193182,,market,,,,,,,,,,,
1761530185796022250,bybit,orderbook,1761530185749000000,1761530185754000000,0.71193182,,market,,,,,,,,,,,
1761530185796005417,bybit,bbo,1761530185749000000,1761530185754000000,0.71163182,,market,,,,,,,,,,,
1761530185894663542,bybit,orderbook,1761530185846000000,1761530185855000000,0.71193182,,market,,,,,,,,,,,
1761530185995340417,bybit,orderbook,1761530185947000000,1761530185954000000,0.71193182,,market,,,,,,,,,,,
1761530186036774958,bybit,orderbook,1761530185975000000,1761530185995000000,0.71193182,,market,,,,,,,,,,,
1761530186094763250,bybit,orderbook,1761530186045000000,1761530186055000000,0.71193182,,market,,,,,,,,,,,
1761530186235650208,bybit,orderbook,1761530186178000000,1761530186195000000,0.71193182,,market,,,,,,,,,,,
1761530186294646750,bybit,orderbook,1761530186249000000,1761530186254000000,0.71193182,,market,,,,,,,,,,,
1761530186394739625,bybit,orderbook,1761530186347000000,1761530186354000000,0.71193182,,market,,,,,,,,,,,
1761530186495224875,bybit,orderbook,1761530186446000000,1761530186454000000,0.71193182,,market,,,,,,,,,,,
1761530186595026333,bybit,orderbook,1761530186546000000,1761530186554000000,0.71193182,,market,,,,,,,,,,,
1761530186696760417,bybit,orderbook,1761530186647000000,1761530186654000000,0.71193182,,market,,,,,,,,,,,
1761530186696747375,bybit,bbo,1761530186647000000,1761530186654000000,0.71163182,,market,,,,,,,,,,,
1761530186794060833,bybit,orderbook,1761530186746000000,1761530186754000000,0.71193182,,market,,,,,,,,,,,
1761530186894889625,bybit,orderbook,1761530186848000000,1761530186855000000,0.71193182,,market,,,,,,,,,,,
1761530186994285333,bybit,orderbook,1761530186947000000,1761530186954000000,0.71193182,,market,,,,,,,,,,,
1761530187094481292,bybit,orderbook,1761530187047000000,1761530187054000000,0.71193182,,market,,,,,,,,,,,
1761530187194009208,bybit,orderbook,1761530187148000000,1761530187154000000,0.71193182,,market,,,,,,,,,,,
1761530187295370167,bybit,orderbook,1761530187250000000,1761530187254000000,0.71193182,,market,,,,,,,,,,,
1761530187295359292,bybit,bbo,1761530187250000000,1761530187254000000,0.71163182,,market,,,,,,,,,,,
1761530187395474583,bybit,orderbook,1761530187347000000,1761530187355000000,0.71193182,,market,,,,,,,,,,,
1761530187495266125,bybit,orderbook,1761530187446000000,1761530187455000000,0.71193182,,market,,,,,,,,,,,
1761530187593517417,bybit,orderbook,1761530187547000000,1761530187554000000,0.71193182,,market,,,,,,,,,,,
1761530187693892458,bybit,orderbook,1761530187648000000,1761530187654000000,0.71193182,,market,,,,,,,,,,,
1761530187794980208,bybit,orderbook,1761530187749000000,1761530187755000000,0.71193182,,market,,,,,,,,,,,
1761530187893940417,bybit,orderbook,1761530187845000000,1761530187854000000,0.71193182,,market,,,,,,,,,,,
1761530187994383583,bybit,orderbook,1761530187946000000,1761530187954000000,0.71193182,,market,,,,,,,,,,,
1761530188094819000,bybit,orderbook,1761530188046000000,1761530188055000000,0.71193182,,market,,,,,,,,,,,
1761530188195212792,bybit,orderbook,1761530188147000000,1761530188154000000,0.71193182,,market,,,,,,,,,,,
1761530188295686375,bybit,orderbook,1761530188247000000,1761530188255000000,0.71193182,,market,,,,,,,,,,,
1761530188394065250,bybit,orderbook,1761530188347000000,1761530188354000000,0.71193182,,market,,,,,,,,,,,
1761530188494113292,bybit,orderbook,1761530188445000000,1761530188454000000,0.71193182,,market,,,,,,,,,,,
1761530188595023292,bybit,orderbook,1761530188546000000,1761530188555000000,0.71193182,,market,,,,,,,,,,,
1761530188694605208,bybit,orderbook,1761530188648000000,1761530188654000000,0.71193182,,market,,,,,,,,,,,
1761530188793667667,bybit,orderbook,1761530188747000000,1761530188755000000,0.71193182,,market,,,,,,,,,,,
1761530188894157208,bybit,orderbook,1761530188846000000,1761530188854000000,0.71193182,,market,,,,,,,,,,,
1761530188994998708,bybit,orderbook,1761530188950000000,1761530188954000000,0.71193182,,market,,,,,,,,,,,
1761530189095672875,bybit,orderbook,1761530189046000000,1761530189055000000,0.71193182,,market,,,,,,,,,,,
1761530189095652542,bybit,bbo,1761530189046000000,1761530189055000000,0.71163182,,market,,,,,,,,,,,
1761530189193537125,bybit,orderbook,1761530189147000000,1761530189154000000,0.71193182,,market,,,,,,,,,,,
1761530189295081458,bybit,orderbook,1761530189247000000,1761530189255000000,0.71193182,,market,,,,,,,,,,,
1761530189394796167,bybit,orderbook,1761530189346000000,1761530189354000000,0.71193182,,market,,,,,,,,,,,
1761530189476219583,gate,orderbook,1761530189397000000,,0.71190000,,market,,,,,,,,,,,
1761530189495237083,bybit,orderbook,1761530189448000000,1761530189454000000,0.71192917,,market,,,,,,,,,,,
1761530189495229583,bybit,bbo,1761530189448000000,1761530189454000000,0.71162917,,market,,,,,,,,,,,
1761530189514589750,gate,orderbook,1761530189413000000,,0.71190000,,market,,,,,,,,,,,
1761530189595436250,bybit,orderbook,1761530189547000000,1761530189555000000,0.71192692,,market,,,,,,,,,,,
1761530189595421750,bybit,bbo,1761530189547000000,1761530189555000000,0.71162692,,market,,,,,,,,,,,
1761530189695061958,bybit,orderbook,1761530189647000000,1761530189655000000,0.71192692,,market,,,,,,,,,,,
1761530189794408625,bybit,orderbook,1761530189747000000,1761530189755000000,0.71192692,,market,,,,,,,,,,,
1761530189894574792,bybit,orderbook,1761530189848000000,1761530189855000000,0.71192692,,market,,,,,,,,,,,
1761530189995345333,bybit,orderbook,1761530189946000000,1761530189955000000,0.71192692,,market,,,,,,,,,,,
1761530189995330417,bybit,bbo,1761530189946000000,1761530189955000000,0.71162692,,market,,,,,,,,,,,
1761530190094123000,bybit,orderbook,1761530190046000000,1761530190054000000,0.71192692,,market,,,,,,,,,,,
1761530190194778625,bybit,orderbook,1761530190147000000,1761530190154000000,0.71192692,,market,,,,,,,,,,,
1761530190293991042,bybit,orderbook,1761530190246000000,1761530190254000000,0.71192692,,market,,,,,,,,,,,
1761530190395444375,bybit,orderbook,1761530190348000000,1761530190354000000,0.71192692,,market,,,,,,,,,,,
1761530190494485875,bybit,orderbook,1761530190445000000,1761530190454000000,0.71192692,,market,,,,,,,,,,,
1761530190594310958,bybit,orderbook,1761530190545000000,1761530190554000000,0.71192692,,market,,,,,,,,,,,
1761530190694400750,bybit,orderbook,1761530190647000000,1761530190654000000,0.71192692,,market,,,,,,,,,,,
1761530190796205958,bybit,orderbook,1761530190750000000,1761530190755000000,0.71192692,,market,,,,,,,,,,,
1761530190895162417,bybit,orderbook,1761530190846000000,1761530190855000000,0.71192692,,market,,,,,,,,,,,
1761530190995125083,bybit,orderbook,1761530190946000000,1761530190954000000,0.71192692,,market,,,,,,,,,,,
1761530191093947250,bybit,orderbook,1761530191047000000,1761530191054000000,0.71192692,,market,,,,,,,,,,,
1761530191093935042,bybit,bbo,1761530191047000000,1761530191055000000,0.71162692,,market,,,,,,,,,,,
1761530191194505833,bybit,orderbook,1761530191146000000,1761530191155000000,0.71192692,,market,,,,,,,,,,,
1761530191284639000,gate,quote,,,0.69760000,buy,quote,t-gate-b-1,bid,1.00000000,gate_orderbook,1761530189413000000,0.71190000,34,,,,1761530191284639000
1761530191284639000,gate,quote,,,0.72620000,sell,quote,t-gate-s-2,ask,1.00000000,gate_orderbook,1761530189413000000,0.71190000,34,,,,1761530191284639000
1761530191294338042,bybit,orderbook,1761530191248000000,1761530191254000000,0.71192692,,market,,,,,,,,,,,
1761530191394053042,bybit,orderbook,1761530191347000000,1761530191355000000,0.71192692,,market,,,,,,,,,,,
1761530191454387167,gate,orderbook,1761530191377000000,,0.71190000,,market,,,,,,,,,,,
1761530191463772000,gate,quote_ack,,,0.69760000,buy,report,t-gate-b-1,bid,,,,,,,179131,,1761530191284639000
1761530191463776000,gate,quote_ack,,,0.72620000,sell,report,t-gate-s-2,ask,,,,,,,179136,,1761530191284639000
1761530191496914208,bybit,orderbook,1761530191446000000,1761530191455000000,0.71182778,,market,,,,,,,,,,,
1761530191594672542,bybit,orderbook,1761530191547000000,1761530191555000000,0.71182778,,market,,,,,,,,,,,
1761530191594658208,bybit,bbo,1761530191547000000,1761530191555000000,0.71152778,,market,,,,,,,,,,,
1761530191694857167,bybit,orderbook,1761530191646000000,1761530191654000000,0.71182778,,market,,,,,,,,,,,
1761530191694847583,bybit,bbo,1761530191646000000,1761530191654000000,0.71152778,,market,,,,,,,,,,,
1761530191794458750,bybit,orderbook,1761530191747000000,1761530191754000000,0.71182778,,market,,,,,,,,,,,
1761530191895730292,bybit,orderbook,1761530191845000000,1761530191855000000,0.71182778,,market,,,,,,,,,,,
1761530191995270042,bybit,orderbook,1761530191949000000,1761530191955000000,0.71182778,,market,,,,,,,,,,,
1761530192095169792,bybit,orderbook,1761530192050000000,1761530192054000000,0.71182778,,market,,,,,,,,,,,
1761530192194118042,bybit,orderbook,1761530192147000000,1761530192154000000,0.71182778,,market,,,,,,,,,,,
1761530192293579083,bybit,orderbook,1761530192248000000,1761530192254000000,0.71182778,,market,,,,,,,,,,,
1761530192394037667,bybit,orderbook,1761530192347000000,1761530192354000000,0.71182778,,market,,,,,,,,,,,
1761530192494210083,bybit,orderbook,1761530192446000000,1761530192454000000,0.71182778,,market,,,,,,,,,,,
1761530192595208500,bybit,orderbook,1761530192545000000,1761530192555000000,0.71182778,,market,,,,,,,,,,,
1761530192695260917,bybit,orderbook,1761530192647000000,1761530192654000000,0.71182778,,market,,,,,,,,,,,
1761530192793922417,bybit,orderbook,1761530192747000000,1761530192754000000,0.71182778,,market,,,,,,,,,,,
1761530192793908833,bybit,bbo,1761530192747000000,1761530192754000000,0.71152778,,market,,,,,,,,,,,
1761530192895028792,bybit,orderbook,1761530192846000000,1761530192855000000,0.71182778,,market,,,,,,,,,,,
1761530192994467875,bybit,orderbook,1761530192945000000,1761530192954000000,0.71182778,,market,,,,,,,,,,,
1761530193094606542,bybit,orderbook,1761530193045000000,1761530193054000000,0.71182778,,market,,,,,,,,,,,
1761530193194734458,bybit,orderbook,1761530193147000000,1761530193154000000,0.71182778,,market,,,,,,,,,,,
1761530193293819083,bybit,orderbook,1761530193247000000,1761530193254000000,0.71182778,,market,,,,,,,,,,,
1761530193393400500,bybit,orderbook,1761530193347000000,1761530193354000000,0.71182778,,market,,,,,,,,,,,
1761530193493968125,bybit,orderbook,1761530193448000000,1761530193454000000,0.71182778,,market,,,,,,,,,,,
1761530193594572625,bybit,orderbook,1761530193546000000,1761530193555000000,0.71182778,,market,,,,,,,,,,,
1761530193694683042,bybit,orderbook,1761530193649000000,1761530193655000000,0.71182778,,market,,,,,,,,,,,
1761530193893353833,bybit,orderbook,1761530193847000000,1761530193854000000,0.71182778,,market,,,,,,,,,,,
1761530193993979083,bybit,orderbook,1761530193947000000,1761530193955000000,0.71182778,,market,,,,,,,,,,,
1761530194094390500,bybit,orderbook,1761530194045000000,1761530194055000000,0.71182778,,market,,,,,,,,,,,
1761530194193190333,bybit,orderbook,1761530194146000000,1761530194154000000,0.71182778,,market,,,,,,,,,,,
1761530194293946667,bybit,orderbook,1761530194247000000,1761530194254000000,0.71182778,,market,,,,,,,,,,,
1761530194395119125,bybit,orderbook,1761530194347000000,1761530194355000000,0.71182778,,market,,,,,,,,,,,
1761530194494733958,bybit,orderbook,1761530194445000000,1761530194455000000,0.71182778,,market,,,,,,,,,,,
1761530194594754667,bybit,orderbook,1761530194547000000,1761530194554000000,0.71182778,,market,,,,,,,,,,,
1761530194674931417,gate,orderbook,1761530194596000000,,0.71190000,,market,,,,,,,,,,,
1761530194694213250,bybit,orderbook,1761530194647000000,1761530194655000000,0.71190000,,market,,,,,,,,,,,
1761530194694213292,gate,orderbook,1761530194614000000,,0.71190000,,market,,,,,,,,,,,
1761530194794108375,bybit,orderbook,1761530194748000000,1761530194755000000,0.71190000,,market,,,,,,,,,,,
1761530194893539083,bybit,orderbook,1761530194848000000,1761530194854000000,0.71190000,,market,,,,,,,,,,,
1761530194995343792,bybit,orderbook,1761530194947000000,1761530194955000000,0.71190000,,market,,,,,,,,,,,
1761530195094709167,bybit,orderbook,1761530195045000000,1761530195054000000,0.71190000,,market,,,,,,,,,,,
1761530195194959875,bybit,orderbook,1761530195147000000,1761530195154000000,0.71190000,,market,,,,,,,,,,,
1761530195293908917,bybit,orderbook,1761530195247000000,1761530195254000000,0.71190000,,market,,,,,,,,,,,
1761530195394161833,bybit,orderbook,1761530195347000000,1761530195354000000,0.71190000,,market,,,,,,,,,,,
1761530195495335625,bybit,orderbook,1761530195445000000,1761530195454000000,0.71190000,,market,,,,,,,,,,,
1761530195495271208,bybit,bbo,1761530195445000000,1761530195454000000,0.71160000,,market,,,,,,,,,,,
1761530195594007333,bybit,orderbook,1761530195545000000,1761530195554000000,0.71190000,,market,,,,,,,,,,,
1761530195694462000,bybit,orderbook,1761530195646000000,1761530195655000000,0.71190000,,market,,,,,,,,,,,
1761530195794136250,bybit,orderbook,1761530195748000000,1761530195754000000,0.71190000,,market,,,,,,,,,,,
1761530195893368792,bybit,orderbook,1761530195846000000,1761530195854000000,0.71190000,,market,,,,,,,,,,,
1761530195995790375,bybit,orderbook,1761530195945000000,1761530195954000000,0.71190000,,market,,,,,,,,,,,
1761530196094913125,bybit,orderbook,1761530196048000000,1761530196055000000,0.71190000,,market,,,,,,,,,,,
1761530196193433875,bybit,orderbook,1761530196147000000,1761530196154000000,0.71190000,,market,,,,,,,,,,,
1761530196294567583,bybit,orderbook,1761530196248000000,1761530196255000000,0.71190000,,market,,,,,,,,,,,
1761530196393376417,bybit,orderbook,1761530196345000000,1761530196354000000,0.71190000,,market,,,,,,,,,,,
1761530196393362750,bybit,bbo,1761530196345000000,1761530196354000000,0.71160000,,market,,,,,,,,,,,
1761530196494130542,bybit,orderbook,1761530196446000000,1761530196455000000,0.71190000,,market,,,,,,,,,,,
1761530196594823875,bybit,orderbook,1761530196547000000,1761530196555000000,0.71190000,,market,,,,,,,,,,,
1761530196694905917,bybit,orderbook,1761530196648000000,1761530196655000000,0.71190000,,market,,,,,,,,,,,
1761530196794875375,bybit,orderbook,1761530196747000000,1761530196754000000,0.71190000,,market,,,,,,,,,,,
1761530196894604292,bybit,orderbook,1761530196846000000,1761530196855000000,0.71190000,,market,,,,,,,,,,,
1761530196993865667,bybit,orderbook,1761530196948000000,1761530196954000000,0.71190000,,market,,,,,,,,,,,
1761530197094054083,bybit,orderbook,1761530197045000000,1761530197054000000,0.71190000,,market,,,,,,,,,,,
1761530197193584708,bybit,orderbook,1761530197147000000,1761530197154000000,0.71190000,,market,,,,,,,,,,,
1761530197294693750,bybit,orderbook,1761530197247000000,1761530197255000000,0.71190000,,market,,,,,,,,,,,
1761530197395223167,bybit,orderbook,1761530197348000000,1761530197355000000,0.71190000,,market,,,,,,,,,,,
1761530197493459458,bybit,orderbook,1761530197445000000,1761530197454000000,0.71190000,,market,,,,,,,,,,,
1761530197593869583,bybit,orderbook,1761530197546000000,1761530197554000000,0.71190000,,market,,,,,,,,,,,
1761530197693543917,bybit,orderbook,1761530197647000000,1761530197654000000,0.71190000,,market,,,,,,,,,,,
1761530197793607333,bybit,orderbook,1761530197747000000,1761530197754000000,0.71190000,,market,,,,,,,,,,,
1761530197894797875,bybit,orderbook,1761530197847000000,1761530197854000000,0.71190000,,market,,,,,,,,,,,
1761530197996719167,bybit,orderbook,1761530197948000000,1761530197954000000,0.71190000,,market,,,,,,,,,,,
1761530197996701792,bybit,bbo,1761530197948000000,1761530197954000000,0.71160000,,market,,,,,,,,,,,
1761530198094210583,bybit,orderbook,1761530198046000000,1761530198054000000,0.71190000,,market,,,,,,,,,,,
1761530198194874417,bybit,orderbook,1761530198147000000,1761530198154000000,0.71190000,,market,,,,,,,,,,,
1761530198293800458,bybit,orderbook,1761530198246000000,1761530198254000000,0.71190000,,market,,,,,,,,,,,
1761530198395375208,bybit,orderbook,1761530198347000000,1761530198355000000,0.71190000,,market,,,,,,,,,,,
1761530198495426375,bybit,orderbook,1761530198445000000,1761530198454000000,0.71190000,,market,,,,,,,,,,,
1761530198594508125,bybit,orderbook,1761530198546000000,1761530198555000000,0.71190000,,market,,,,,,,,,,,
1761530198695503083,bybit,orderbook,1761530198650000000,1761530198654000000,0.71190000,,market,,,,,,,,,,,
1761530198695491333,bybit,bbo,1761530198650000000,1761530198654000000,0.71160000,,market,,,,,,,,,,,
1761530198793534750,bybit,orderbook,1761530198748000000,1761530198754000000,0.71190000,,market,,,,,,,,,,,
1761530198895620208,bybit,orderbook,1761530198847000000,1761530198854000000,0.71190000,,market,,,,,,,,,,,
1761530198994336458,bybit,orderbook,1761530198946000000,1761530198954000000,0.71190000,,market,,,,,,,,,,,
1761530199095318375,bybit,orderbook,1761530199046000000,1761530199055000000,0.71190000,,market,,,,,,,,,,,
1761530199095306333,bybit,bbo,1761530199046000000,1761530199055000000,0.71160000,,market,,,,,,,,,,,
1761530199194379542,bybit,orderbook,1761530199147000000,1761530199155000000,0.71190000,,market,,,,,,,,,,,
1761530199194362208,bybit,bbo,1761530199147000000,1761530199155000000,0.71160000,,market,,,,,,,,,,,
1761530199294617208,bybit,orderbook,1761530199247000000,1761530199255000000,0.71190000,,market,,,,,,,,,,,
1761530199315494042,bybit,orderbook,1761530199257000000,1761530199275000000,0.71190000,,market,,,,,,,,,,,
1761530199393837542,bybit,orderbook,1761530199345000000,1761530199354000000,0.71190000,,market,,,,,,,,,,,
1761530199494423625,bybit,orderbook,1761530199445000000,1761530199454000000,0.71190000,,market,,,,,,,,,,,
1761530199593804792,bybit,orderbook,1761530199545000000,1761530199554000000,0.71190000,,market,,,,,,,,,,,
1761530199694411875,bybit,orderbook,1761530199647000000,1761530199654000000,0.71190000,,market,,,,,,,,,,,
1761530199694399250,bybit,bbo,1761530199647000000,1761530199654000000,0.71160000,,market,,,,,,,,,,,
1761530199774881708,gate,orderbook,1761530199698000000,,0.71190000,,market,,,,,,,,,,,
1761530199793887792,bybit,orderbook,1761530199746000000,1761530199754000000,0.71190000,,market,,,,,,,,,,,
1761530199814256625,gate,orderbook,1761530199710000000,,0.71190000,,market,,,,,,,,,,,
1761530199894072375,bybit,orderbook,1761530199847000000,1761530199855000000,0.71190000,,market,,,,,,,,,,,
1761530199994186708,bybit,orderbook,1761530199947000000,1761530199955000000,0.71190000,,market,,,,,,,,,,,
1761530200094268708,bybit,orderbook,1761530200048000000,1761530200055000000,0.71190000,,market,,,,,,,,,,,
1761530200194795958,bybit,orderbook,1761530200147000000,1761530200154000000,0.71190000,,market,,,,,,,,,,,
1761530200194779917,bybit,bbo,1761530200147000000,1761530200154000000,0.71160000,,market,,,,,,,,,,,
1761530200294217750,bybit,orderbook,1761530200247000000,1761530200254000000,0.71190000,,market,,,,,,,,,,,
1761530200294205167,bybit,bbo,1761530200247000000,1761530200254000000,0.71160000,,market,,,,,,,,,,,
1761530200395158417,bybit,orderbook,1761530200346000000,1761530200355000000,0.71190000,,market,,,,,,,,,,,
1761530200493719708,bybit,orderbook,1761530200445000000,1761530200454000000,0.71190000,,market,,,,,,,,,,,
1761530200594410042,bybit,orderbook,1761530200546000000,1761530200554000000,0.71190000,,market,,,,,,,,,,,
1761530200696669917,bybit,orderbook,1761530200646000000,1761530200655000000,0.71190000,,market,,,,,,,,,,,
1761530200794340000,bybit,orderbook,1761530200748000000,1761530200755000000,0.71190000,,market,,,,,,,,,,,
1761530200893816208,bybit,orderbook,1761530200846000000,1761530200854000000,0.71190000,,market,,,,,,,,,,,
1761530200993914333,bybit,orderbook,1761530200946000000,1761530200954000000,0.71190000,,market,,,,,,,,,,,
1761530201095780208,bybit,orderbook,1761530201045000000,1761530201055000000,0.71190000,,market,,,,,,,,,,,
1761530201194230875,bybit,orderbook,1761530201146000000,1761530201154000000,0.71190000,,market,,,,,,,,,,,
1761530201294287500,bybit,orderbook,1761530201248000000,1761530201255000000,0.71190000,,market,,,,,,,,,,,
1761530201395863125,bybit,orderbook,1761530201347000000,1761530201354000000,0.71190000,,market,,,,,,,,,,,
1761530201494354375,bybit,orderbook,1761530201449000000,1761530201454000000,0.71190000,,market,,,,,,,,,,,
1761530201594771708,bybit,orderbook,1761530201546000000,1761530201555000000,0.71190000,,market,,,,,,,,,,,
1761530201654272458,bybit,orderbook,1761530201597000000,1761530201614000000,0.71190000,,market,,,,,,,,,,,
1761530201693709625,bybit,orderbook,1761530201647000000,1761530201654000000,0.71190000,,market,,,,,,,,,,,
1761530201796379417,bybit,orderbook,1761530201747000000,1761530201754000000,0.71190000,,market,,,,,,,,,,,
1761530201895029125,bybit,orderbook,1761530201848000000,1761530201855000000,0.71190000,,market,,,,,,,,,,,
1761530201997938833,bybit,orderbook,1761530201947000000,1761530201954000000,0.71190000,,market,,,,,,,,,,,
1761530202053956792,bybit,orderbook,1761530201993000000,1761530202014000000,0.71190000,,market,,,,,,,,,,,
1761530202093473458,bybit,orderbook,1761530202046000000,1761530202054000000,0.71190000,,market,,,,,,,,,,,
1761530202194927625,bybit,orderbook,1761530202146000000,1761530202155000000,0.71190000,,market,,,,,,,,,,,
1761530202294343458,bybit,orderbook,1761530202248000000,1761530202254000000,0.71190000,,market,,,,,,,,,,,
1761530202411251333,bybit,orderbook,1761530202346000000,1761530202354000000,0.71190000,,market,,,,,,,,,,,
1761530202494560708,bybit,orderbook,1761530202447000000,1761530202454000000,0.71190000,,market,,,,,,,,,,,
1761530202594180708,bybit,orderbook,1761530202547000000,1761530202554000000,0.71190000,,market,,,,,,,,,,,
1761530202694221167,bybit,orderbook,1761530202648000000,1761530202654000000,0.71190000,,market,,,,,,,,,,,
1761530202794149667,bybit,orderbook,1761530202749000000,1761530202754000000,0.71190000,,market,,,,,,,,,,,
1761530202895488000,bybit,orderbook,1761530202847000000,1761530202854000000,0.71190000,,market,,,,,,,,,,,
1761530202995963667,bybit,orderbook,1761530202948000000,1761530202954000000,0.71190000,,market,,,,,,,,,,,
1761530203095224875,bybit,orderbook,1761530203048000000,1761530203054000000,0.71190000,,market,,,,,,,,,,,
1761530203194957042,bybit,orderbook,1761530203148000000,1761530203155000000,0.71190000,,market,,,,,,,,,,,
1761530203294612750,bybit,orderbook,1761530203248000000,1761530203255000000,0.71190000,,market,,,,,,,,,,,
1761530203393878208,bybit,orderbook,1761530203347000000,1761530203354000000,0.71190000,,market,,,,,,,,,,,
1761530203493614833,bybit,orderbook,1761530203447000000,1761530203454000000,0.71190000,,market,,,,,,,,,,,
1761530203594139583,bybit,orderbook,1761530203547000000,1761530203554000000,0.71190000,,market,,,,,,,,,,,
1761530203694925792,bybit,orderbook,1761530203647000000,1761530203655000000,0.71190000,,market,,,,,,,,,,,
1761530203694919208,bybit,bbo,1761530203647000000,1761530203655000000,0.71160000,,market,,,,,,,,,,,
1761530203796242042,bybit,orderbook,1761530203746000000,1761530203754000000,0.71190000,,market,,,,,,,,,,,
1761530203893591708,bybit,orderbook,1761530203847000000,1761530203854000000,0.71190000,,market,,,,,,,,,,,
1761530203994211542,bybit,orderbook,1761530203949000000,1761530203954000000,0.71190000,,market,,,,,,,,,,,
1761530204095097875,bybit,orderbook,1761530204047000000,1761530204054000000,0.71190000,,market,,,,,,,,,,,
1761530204095087208,bybit,bbo,1761530204047000000,1761530204054000000,0.71160000,,market,,,,,,,,,,,
1761530204194294333,bybit,orderbook,1761530204148000000,1761530204154000000,0.71190000,,market,,,,,,,,,,,
1761530204294015375,bybit,orderbook,1761530204248000000,1761530204254000000,0.71190000,,market,,,,,,,,,,,
1761530204294000042,bybit,bbo,1761530204248000000,1761530204254000000,0.71160000,,market,,,,,,,,,,,
1761530204394654000,bybit,orderbook,1761530204346000000,1761530204354000000,0.71190000,,market,,,,,,,,,,,
1761530204495222208,bybit,orderbook,1761530204447000000,1761530204454000000,0.71190000,,market,,,,,,,,,,,
1761530204593124542,bybit,orderbook,1761530204546000000,1761530204554000000,0.71190000,,market,,,,,,,,,,,
1761530204694385625,bybit,orderbook,1761530204648000000,1761530204654000000,0.71190000,,market,,,,,,,,,,,
1761530204794878333,bybit,orderbook,1761530204747000000,1761530204755000000,0.71190000,,market,,,,,,,,,,,
1761530204895119917,bybit,orderbook,1761530204846000000,1761530204854000000,0.71190000,,market,,,,,,,,,,,
1761530204895097375,gate,orderbook,1761530204801000000,,0.71190000,,market,,,,,,,,,,,
1761530204915728500,gate,orderbook,1761530204830000000,,0.71190000,,market,,,,,,,,,,,
1761530204994386042,bybit,orderbook,1761530204946000000,1761530204955000000,0.71190000,,market,,,,,,,,,,,
1761530205094602208,bybit,orderbook,1761530205046000000,1761530205054000000,0.71190000,,market,,,,,,,,,,,
1761530205202905917,bybit,orderbook,1761530205145000000,1761530205155000000,0.71190000,,market,,,,,,,,,,,
1761530205293787125,bybit,orderbook,1761530205248000000,1761530205254000000,0.71190000,,market,,,,,,,,,,,
1761530205393861375,bybit,orderbook,1761530205348000000,1761530205354000000,0.71190000,,market,,,,,,,,,,,
1761530205496241917,bybit,orderbook,1761530205445000000,1761530205454000000,0.71190000,,market,,,,,,,,,,,
1761530205496228458,bybit,bbo,1761530205445000000,1761530205454000000,0.71160000,,market,,,,,,,,,,,
1761530205594118542,bybit,orderbook,1761530205545000000,1761530205554000000,0.71190000,,market,,,,,,,,,,,
1761530205694518500,bybit,orderbook,1761530205648000000,1761530205655000000,0.71190000,,market,,,,,,,,,,,
1761530205694508875,bybit,bbo,1761530205648000000,1761530205655000000,0.71160000,,market,,,,,,,,,,,
1761530205794300583,bybit,orderbook,1761530205748000000,1761530205754000000,0.71190000,,market,,,,,,,,,,,
1761530205894043750,bybit,orderbook,1761530205847000000,1761530205855000000,0.71190000,,market,,,,,,,,,,,
1761530205994169000,bybit,orderbook,1761530205946000000,1761530205954000000,0.71190000,,market,,,,,,,,,,,
1761530206093627792,bybit,orderbook,1761530206047000000,1761530206054000000,0.71190000,,market,,,,,,,,,,,
1761530206194973458,bybit,orderbook,1761530206148000000,1761530206154000000,0.71190000,,market,,,,,,,,,,,
1761530206194967042,bybit,bbo,1761530206148000000,1761530206154000000,0.71160000,,market,,,,,,,,,,,
1761530206294803792,bybit,orderbook,1761530206249000000,1761530206254000000,0.71190000,,market,,,,,,,,,,,
1761530206393986792,bybit,orderbook,1761530206348000000,1761530206354000000,0.71190000,,market,,,,,,,,,,,
1761530206494367958,bybit,orderbook,1761530206447000000,1761530206455000000,0.71190000,,market,,,,,,,,,,,
1761530206593548542,bybit,orderbook,1761530206546000000,1761530206554000000,0.71190000,,market,,,,,,,,,,,
1761530206693358917,bybit,orderbook,1761530206647000000,1761530206654000000,0.71190000,,market,,,,,,,,,,,
1761530206794662792,bybit,orderbook,1761530206747000000,1761530206755000000,0.71190000,,market,,,,,,,,,,,
1761530206895875375,bybit,orderbook,1761530206846000000,1761530206855000000,0.71190000,,market,,,,,,,,,,,
1761530206895865542,bybit,bbo,1761530206846000000,1761530206855000000,0.71160000,,market,,,,,,,,,,,
1761530206997267500,bybit,orderbook,1761530206947000000,1761530206954000000,0.71190000,,market,,,,,,,,,,,
1761530207095280583,bybit,orderbook,1761530207046000000,1761530207054000000,0.71190000,,market,,,,,,,,,,,
1761530207095268250,bybit,bbo,1761530207046000000,1761530207054000000,0.71160000,,market,,,,,,,,,,,
1761530207194813542,bybit,orderbook,1761530207147000000,1761530207155000000,0.71190000,,market,,,,,,,,,,,
1761530207294119292,bybit,orderbook,1761530207248000000,1761530207254000000,0.71190000,,market,,,,,,,,,,,
1761530207393533500,bybit,orderbook,1761530207347000000,1761530207354000000,0.71190000,,market,,,,,,,,,,,
1761530207494673375,bybit,orderbook,1761530207445000000,1761530207455000000,0.71190000,,market,,,,,,,,,,,
1761530207594686000,bybit,orderbook,1761530207546000000,1761530207555000000,0.71190000,,market,,,,,,,,,,,
1761530207694311667,bybit,orderbook,1761530207646000000,1761530207655000000,0.71190000,,market,,,,,,,,,,,
1761530207793606292,bybit,orderbook,1761530207748000000,1761530207754000000,0.71190000,,market,,,,,,,,,,,
1761530207893831250,bybit,orderbook,1761530207846000000,1761530207854000000,0.71190000,,market,,,,,,,,,,,
1761530207994391708,bybit,orderbook,1761530207948000000,1761530207954000000,0.71190000,,market,,,,,,,,,,,
1761530208094494417,bybit,orderbook,1761530208049000000,1761530208054000000,0.71190000,,market,,,,,,,,,,,
1761530208194671708,bybit,orderbook,1761530208146000000,1761530208154000000,0.71190000,,market,,,,,,,,,,,
1761530208295643333,bybit,orderbook,1761530208248000000,1761530208255000000,0.71190000,,market,,,,,,,,,,,
1761530208394492000,bybit,orderbook,1761530208348000000,1761530208355000000,0.71190000,,market,,,,,,,,,,,
1761530208495888458,bybit,orderbook,1761530208447000000,1761530208455000000,0.71190000,,market,,,,,,,,,,,
1761530208495879417,bybit,bbo,1761530208447000000,1761530208455000000,0.71160000,,market,,,,,,,,,,,
1761530208594153083,bybit,orderbook,1761530208546000000,1761530208555000000,0.71190000,,market,,,,,,,,,,,
1761530208694729333,bybit,orderbook,1761530208646000000,1761530208654000000,0.71190000,,market,,,,,,,,,,,
1761530208794025625,bybit,orderbook,1761530208747000000,1761530208755000000,0.71190000,,market,,,,,,,,,,,
1761530208894118542,bybit,orderbook,1761530208846000000,1761530208854000000,0.71190000,,market,,,,,,,,,,,
1761530208993691083,bybit,orderbook,1761530208946000000,1761530208954000000,0.71190000,,market,,,,,,,,,,,
1761530209093341792,bybit,orderbook,1761530209047000000,1761530209054000000,0.71190000,,market,,,,,,,,,,,
1761530209194005167,bybit,orderbook,1761530209148000000,1761530209155000000,0.71190000,,market,,,,,,,,,,,
1761530209293919250,bybit,orderbook,1761530209248000000,1761530209254000000,0.71190000,,market,,,,,,,,,,,
1761530209393583292,bybit,orderbook,1761530209347000000,1761530209354000000,0.71190000,,market,,,,,,,,,,,
1761530209494113167,bybit,orderbook,1761530209447000000,1761530209455000000,0.71190000,,market,,,,,,,,,,,
1761530209594973875,bybit,orderbook,1761530209546000000,1761530209554000000,0.71190000,,market,,,,,,,,,,,
1761530209693549417,bybit,orderbook,1761530209647000000,1761530209655000000,0.71190000,,market,,,,,,,,,,,
1761530209794031333,bybit,orderbook,1761530209747000000,1761530209754000000,0.71190000,,market,,,,,,,,,,,
1761530209894580167,bybit,orderbook,1761530209845000000,1761530209854000000,0.71190000,,market,,,,,,,,,,,
1761530209973896875,gate,orderbook,1761530209897000000,,0.71190000,,market,,,,,,,,,,,
1761530209994264917,bybit,orderbook,1761530209946000000,1761530209954000000,0.71190000,,market,,,,,,,,,,,
1761530209994264917,gate,orderbook,1761530209910000000,,0.71190000,,market,,,,,,,,,,,
1761530210094288958,bybit,orderbook,1761530210047000000,1761530210054000000,0.71190000,,market,,,,,,,,,,,
1761530210194297500,bybit,orderbook,1761530210147000000,1761530210154000000,0.71190000,,market,,,,,,,,,,,
1761530210296433208,bybit,orderbook,1761530210248000000,1761530210255000000,0.71190000,,market,,,,,,,,,,,
1761530210395902250,bybit,orderbook,1761530210347000000,1761530210354000000,0.71190000,,market,,,,,,,,,,,
1761530210494165542,bybit,orderbook,1761530210446000000,1761530210454000000,0.71190000,,market,,,,,,,,,,,
1761530210594013000,bybit,orderbook,1761530210547000000,1761530210555000000,0.71190000,,market,,,,,,,,,,,
1761530210693899417,bybit,orderbook,1761530210647000000,1761530210654000000,0.71190000,,market,,,,,,,,,,,
1761530210793625083,bybit,orderbook,1761530210748000000,1761530210754000000,0.71190000,,market,,,,,,,,,,,
1761530210894969042,bybit,orderbook,1761530210849000000,1761530210855000000,0.71190000,,market,,,,,,,,,,,
1761530210993295292,bybit,orderbook,1761530210946000000,1761530210954000000,0.71190000,,market,,,,,,,,,,,
1761530211094374875,bybit,orderbook,1761530211047000000,1761530211054000000,0.71190000,,market,,,,,,,,,,,
1761530211194337958,bybit,orderbook,1761530211147000000,1761530211154000000,0.71190000,,market,,,,,,,,,,,
1761530211294116583,bybit,orderbook,1761530211249000000,1761530211254000000,0.71190000,,market,,,,,,,,,,,
1761530211394739792,bybit,orderbook,1761530211347000000,1761530211355000000,0.71190000,,market,,,,,,,,,,,
1761530211494317542,bybit,orderbook,1761530211446000000,1761530211455000000,0.71190000,,market,,,,,,,,,,,
1761530211593596667,bybit,orderbook,1761530211547000000,1761530211554000000,0.71190000,,market,,,,,,,,,,,
1761530211694346708,bybit,orderbook,1761530211648000000,1761530211655000000,0.71190000,,market,,,,,,,,,,,
1761530211795228125,bybit,orderbook,1761530211747000000,1761530211755000000,0.71190000,,market,,,,,,,,,,,
1761530211894395667,bybit,orderbook,1761530211848000000,1761530211855000000,0.71190000,,market,,,,,,,,,,,
1761530211993824542,bybit,orderbook,1761530211946000000,1761530211954000000,0.71190000,,market,,,,,,,,,,,
1761530212094135375,bybit,orderbook,1761530212047000000,1761530212054000000,0.71190000,,market,,,,,,,,,,,
1761530212193840625,bybit,orderbook,1761530212149000000,1761530212154000000,0.71190000,,market,,,,,,,,,,,
1761530212295004542,bybit,orderbook,1761530212247000000,1761530212255000000,0.71190000,,market,,,,,,,,,,,
1761530212393568667,bybit,orderbook,1761530212347000000,1761530212354000000,0.71190000,,market,,,,,,,,,,,
1761530212495797250,bybit,orderbook,1761530212446000000,1761530212454000000,0.71190000,,market,,,,,,,,,,,
1761530212594542958,bybit,orderbook,1761530212545000000,1761530212555000000,0.71190000,,market,,,,,,,,,,,
1761530212694280583,bybit,orderbook,1761530212647000000,1761530212655000000,0.71190000,,market,,,,,,,,,,,
1761530212794590708,bybit,orderbook,1761530212746000000,1761530212754000000,0.71190000,,market,,,,,,,,,,,
1761530212895960542,bybit,orderbook,1761530212847000000,1761530212855000000,0.71190000,,market,,,,,,,,,,,
1761530212895943542,bybit,bbo,1761530212847000000,1761530212855000000,0.71160000,,market,,,,,,,,,,,
1761530212993143333,bybit,orderbook,1761530212946000000,1761530212954000000,0.71190000,,market,,,,,,,,,,,
1761530213094434458,bybit,orderbook,1761530213046000000,1761530213055000000,0.71190000,,market,,,,,,,,,,,
1761530213194979458,bybit,orderbook,1761530213150000000,1761530213154000000,0.71190000,,market,,,,,,,,,,,
1761530213194968167,bybit,bbo,1761530213150000000,1761530213154000000,0.71160000,,market,,,,,,,,,,,
1761530213296650417,bybit,orderbook,1761530213248000000,1761530213255000000,0.71190000,,market,,,,,,,,,,,
1761530213394430958,bybit,orderbook,1761530213349000000,1761530213354000000,0.71190000,,market,,,,,,,,,,,
1761530213496466708,bybit,orderbook,1761530213445000000,1761530213454000000,0.71190000,,market,,,,,,,,,,,
1761530213595454333,bybit,orderbook,1761530213547000000,1761530213555000000,0.71190000,,market,,,,,,,,,,,
1761530213694431458,bybit,orderbook,1761530213647000000,1761530213654000000,0.71190000,,market,,,,,,,,,,,
1761530213795944458,bybit,orderbook,1761530213748000000,1761530213755000000,0.71190000,,market,,,,,,,,,,,
1761530213893881125,bybit,orderbook,1761530213847000000,1761530213854000000,0.71190000,,market,,,,,,,,,,,
1761530213995682792,bybit,orderbook,1761530213946000000,1761530213954000000,0.71190000,,market,,,,,,,,,,,
1761530213995672292,bybit,bbo,1761530213946000000,1761530213954000000,0.71160000,,market,,,,,,,,,,,
1761530214094356750,bybit,orderbook,1761530214046000000,1761530214055000000,0.71190000,,market,,,,,,,,,,,
1761530214193573625,bybit,orderbook,1761530214148000000,1761530214154000000,0.71190000,,market,,,,,,,,,,,
1761530214294337833,bybit,orderbook,1761530214249000000,1761530214254000000,0.71190000,,market,,,,,,,,,,,
1761530214394165167,bybit,orderbook,1761530214345000000,1761530214354000000,0.71190000,,market,,,,,,,,,,,
1761530214415844125,bybit,orderbook,1761530214359000000,1761530214374000000,0.71190000,,market,,,,,,,,,,,
1761530214493971625,bybit,orderbook,1761530214448000000,1761530214454000000,0.71190000,,market,,,,,,,,,,,
1761530214594823500,bybit,orderbook,1761530214547000000,1761530214555000000,0.71190000,,market,,,,,,,,,,,
1761530214694538250,bybit,orderbook,1761530214647000000,1761530214654000000,0.71190000,,market,,,,,,,,,,,
1761530214796511417,bybit,orderbook,1761530214748000000,1761530214754000000,0.71190000,,market,,,,,,,,,,,
1761530214893561250,bybit,orderbook,1761530214846000000,1761530214854000000,0.71190000,,market,,,,,,,,,,,
1761530214993323167,bybit,orderbook,1761530214946000000,1761530214954000000,0.71190000,,market,,,,,,,,,,,
1761530215075267708,gate,orderbook,1761530214998000000,,0.71190000,,market,,,,,,,,,,,
1761530215095371292,bybit,orderbook,1761530215046000000,1761530215054000000,0.71190000,,market,,,,,,,,,,,
1761530215095363542,bybit,bbo,1761530215046000000,1761530215054000000,0.71160000,,market,,,,,,,,,,,
1761530215114317167,gate,orderbook,1761530215012000000,,0.71190000,,market,,,,,,,,,,,
1761530215194553917,bybit,orderbook,1761530215146000000,1761530215155000000,0.71190000,,market,,,,,,,,,,,
1761530215294028000,bybit,orderbook,1761530215247000000,1761530215254000000,0.71190000,,market,,,,,,,,,,,
1761530215396385042,bybit,orderbook,1761530215348000000,1761530215354000000,0.71190000,,market,,,,,,,,,,,
1761530215493674583,bybit,orderbook,1761530215446000000,1761530215454000000,0.71190000,,market,,,,,,,,,,,
1761530215593823750,bybit,orderbook,1761530215545000000,1761530215554000000,0.71190000,,market,,,,,,,,,,,
1761530215693893708,bybit,orderbook,1761530215649000000,1761530215654000000,0.71190000,,market,,,,,,,,,,,
1761530215795124458,bybit,orderbook,1761530215749000000,1761530215754000000,0.71190000,,market,,,,,,,,,,,
1761530215893649458,bybit,orderbook,1761530215847000000,1761530215854000000,0.71190000,,market,,,,,,,,,,,
1761530215994458708,bybit,orderbook,1761530215947000000,1761530215954000000,0.71190000,,market,,,,,,,,,,,
1761530216093879625,bybit,orderbook,1761530216047000000,1761530216054000000,0.71190000,,market,,,,,,,,,,,
1761530216234435000,bybit,orderbook,1761530216147000000,1761530216154000000,0.71190000,,market,,,,,,,,,,,
1761530216234432583,bybit,bbo,1761530216147000000,1761530216154000000,0.71160000,,market,,,,,,,,,,,
1761530216294438542,bybit,orderbook,1761530216247000000,1761530216255000000,0.71190000,,market,,,,,,,,,,,
1761530216393977875,bybit,orderbook,1761530216347000000,1761530216354000000,0.71190000,,market,,,,,,,,,,,
1761530216494791542,bybit,orderbook,1761530216445000000,1761530216455000000,0.71190000,,market,,,,,,,,,,,
1761530216594328208,bybit,orderbook,1761530216545000000,1761530216555000000,0.71190000,,market,,,,,,,,,,,
1761530216694189250,bybit,orderbook,1761530216648000000,1761530216654000000,0.71190000,,market,,,,,,,,,,,
1761530216794803708,bybit,orderbook,1761530216749000000,1761530216754000000,0.71190000,,market,,,,,,,,,,,
1761530216894235500,bybit,orderbook,1761530216846000000,1761530216854000000,0.71190000,,market,,,,,,,,,,,
1761530216995539750,bybit,orderbook,1761530216948000000,1761530216954000000,0.71190000,,market,,,,,,,,,,,
1761530216995521792,bybit,bbo,1761530216948000000,1761530216954000000,0.71160000,,market,,,,,,,,,,,
1761530217094177458,bybit,orderbook,1761530217047000000,1761530217054000000,0.71190000,,market,,,,,,,,,,,
1761530217194818792,bybit,orderbook,1761530217149000000,1761530217155000000,0.71190000,,market,,,,,,,,,,,
1761530217294786458,bybit,orderbook,1761530217249000000,1761530217255000000,0.71190000,,market,,,,,,,,,,,
1761530217394031833,bybit,orderbook,1761530217347000000,1761530217354000000,0.71190000,,market,,,,,,,,,,,
1761530217495553000,bybit,orderbook,1761530217446000000,1761530217454000000,0.71190000,,market,,,,,,,,,,,
1761530217595211333,bybit,orderbook,1761530217546000000,1761530217555000000,0.71190000,,market,,,,,,,,,,,
1761530217693322708,bybit,orderbook,1761530217647000000,1761530217654000000,0.71190000,,market,,,,,,,,,,,
1761530217716079875,bybit,orderbook,1761530217660000000,1761530217675000000,0.71190000,,market,,,,,,,,,,,
1761530217794079167,bybit,orderbook,1761530217748000000,1761530217754000000,0.71190000,,market,,,,,,,,,,,
1761530217893832292,bybit,orderbook,1761530217847000000,1761530217854000000,0.71190000,,market,,,,,,,,,,,
1761530217893825875,bybit,bbo,1761530217847000000,1761530217854000000,0.71160000,,market,,,,,,,,,,,
1761530217994688042,bybit,orderbook,1761530217947000000,1761530217954000000,0.71190000,,market,,,,,,,,,,,
1761530218094061208,bybit,orderbook,1761530218050000000,1761530218054000000,0.71190000,,market,,,,,,,,,,,
1761530218194925083,bybit,orderbook,1761530218147000000,1761530218155000000,0.71190000,,market,,,,,,,,,,,
1761530218293980667,bybit,orderbook,1761530218249000000,1761530218254000000,0.71190000,,market,,,,,,,,,,,
1761530218394835875,bybit,orderbook,1761530218347000000,1761530218355000000,0.71190000,,market,,,,,,,,,,,
1761530218493434542,bybit,orderbook,1761530218448000000,1761530218454000000,0.71190000,,market,,,,,,,,,,,
1761530218593571333,bybit,orderbook,1761530218546000000,1761530218554000000,0.71190000,,market,,,,,,,,,,,
1761530218694134125,bybit,orderbook,1761530218648000000,1761530218654000000,0.71190000,,market,,,,,,,,,,,
1761530218794870375,bybit,orderbook,1761530218746000000,1761530218754000000,0.71190000,,market,,,,,,,,,,,
1761530218894497667,bybit,orderbook,1761530218846000000,1761530218855000000,0.71190000,,market,,,,,,,,,,,
1761530218993217250,bybit,orderbook,1761530218946000000,1761530218954000000,0.71190000,,market,,,,,,,,,,,
1761530218993205667,bybit,bbo,1761530218946000000,1761530218954000000,0.71160000,,market,,,,,,,,,,,
1761530219094068917,bybit,orderbook,1761530219048000000,1761530219055000000,0.71190000,,market,,,,,,,,,,,
1761530219193933500,bybit,orderbook,1761530219147000000,1761530219154000000,0.71190000,,market,,,,,,,,,,,
1761530219294495833,bybit,orderbook,1761530219248000000,1761530219255000000,0.71190000,,market,,,,,,,,,,,
1761530219394085458,bybit,orderbook,1761530219348000000,1761530219354000000,0.71190000,,market,,,,,,,,,,,
1761530219494690542,bybit,orderbook,1761530219447000000,1761530219455000000,0.71190000,,market,,,,,,,,,,,
